{"cameraMode":{"drawMode":0,"name":"Shaded","section":"Shading Mode"},"sceneLighting":true,"audioPlay":false,"sceneViewState":{"showFog":true,"showMaterialUpdate":true,"showSkybox":true,"showFlares":true,"showImageEffects":true,"showParticleSystems":true},"in2DMode":false,"pivot":{"x":180.59739685058595,"y":105.20635986328125,"z":-167.3618927001953},"rotation":{"x":-0.10786716639995575,"y":0.4688345491886139,"z":0.05781202018260956,"w":0.8747665882110596},"size":15.529693603515625,"orthographic":false}