{"cameraMode":{"drawMode":0,"name":"Shaded","section":"Shading Mode"},"sceneLighting":false,"audioPlay":false,"sceneViewState":{"showFog":true,"showMaterialUpdate":false,"showSkybox":false,"showFlares":true,"showImageEffects":true,"showParticleSystems":true},"in2DMode":false,"pivot":{"x":0.0,"y":-0.2519999146461487,"z":2.9802322387695315e-8},"rotation":{"x":-0.14083680510520936,"y":-0.00683525251224637,"z":0.0009721760870888829,"w":-0.9900087714195252},"size":5.082536220550537,"orthographic":false}