{"cameraMode":{"drawMode":0,"name":"Shaded","section":"Shading Mode"},"sceneLighting":false,"audioPlay":false,"sceneViewState":{"showFog":true,"showMaterialUpdate":false,"showSkybox":false,"showFlares":true,"showImageEffects":true,"showParticleSystems":true},"in2DMode":false,"pivot":{"x":0.0,"y":-0.2519999146461487,"z":2.9802322387695315e-8},"rotation":{"x":0.020552927628159524,"y":-0.7864142656326294,"z":0.026204952970147134,"w":0.6168010830879211},"size":5.082536220550537,"orthographic":false}