{"cameraMode":{"drawMode":0,"name":"Shaded","section":"Shading Mode"},"sceneLighting":false,"audioPlay":false,"sceneViewState":{"showFog":true,"showMaterialUpdate":false,"showSkybox":false,"showFlares":true,"showImageEffects":true,"showParticleSystems":true},"in2DMode":false,"pivot":{"x":0.0,"y":-0.2519999146461487,"z":2.9802322387695315e-8},"rotation":{"x":-0.10902048647403717,"y":-0.8312351107597351,"z":-0.17559948563575746,"w":0.5160694718360901},"size":5.082536220550537,"orthographic":false}