{"cameraMode":{"drawMode":0,"name":"Shaded","section":"Shading Mode"},"sceneLighting":true,"audioPlay":false,"sceneViewState":{"m_AlwaysRefresh":false,"showFog":true,"showSkybox":true,"showFlares":true,"showImageEffects":true,"showParticleSystems":true,"showVisualEffectGraphs":true,"m_FxEnabled":true},"in2DMode":false,"pivot":{"x":-16.35590171813965,"y":-20.122119903564454,"z":100.54400634765625},"rotation":{"x":-0.07367033511400223,"y":-0.04426748305559158,"z":0.0032734558917582037,"w":-0.996298611164093},"size":76.80461883544922,"orthographic":false}